"","mes","mediaOzonioMensal","dpOzonioMensal","mediaTemperaturaMensal","dpTemperaturaMensal"
"1",5,24.125,22.8859411942753,66.4583333333333,6.63311302525421
"2",6,29.4444444444444,18.2079042664931,78.2222222222222,7.83865067753656
"3",7,59.1153846153846,31.635836544118,83.8846153846154,4.43916138996476
"4",8,60,41.7677561588536,83.695652173913,7.05455869767715
"5",9,31.448275862069,24.1418223464364,76.8965517241379,8.50354895485327
