"","Month","mean.Ozone.","mean.Temp.","sd.Ozone.","sd.Temp."
"1",5,24.125,66.4583333333333,22.8859411942753,6.63311302525421
"2",6,29.4444444444444,78.2222222222222,18.2079042664931,7.83865067753656
"3",7,59.1153846153846,83.8846153846154,31.635836544118,4.43916138996476
"4",8,60,83.695652173913,41.7677561588536,7.05455869767715
"5",9,31.448275862069,76.8965517241379,24.1418223464364,8.50354895485327
